Season,Name,Team,K/9,BB/9,K/BB,HR/9,K%,BB%,K-BB%,AVG,WHIP,BABIP,LOB%,ERA-,FIP-,xFIP-,ERA,FIP,E-F,xFIP,SIERA,NameASCII,PlayerId,MLBAMID
2012,"Dallas Keuchel","HOU",4.007812738884255,4.113281495170682,0.97435897,1.4765625880099886,0.10079576,0.10344828,-0.00265252,0.27596439169139464,1.5468750922009404,0.2771929824561403,0.67901235,133.7290215945979,144.26380405126028,130.76752033820026,5.273437814321388,5.742889752890925,-0.46945193856953704,5.124210734343672,5.401586095573652,"Dallas Keuchel",9434,572971
2010,"Jake Arrieta","BAL",4.664452418387837,4.305648386204157,1.08333333,0.8073090724132794,0.11581292,0.10690423,0.00890869,0.26700251889168763,1.5348839154524079,0.28869047619047616,0.69463549,109.56861669929295,109.88882070314799,124.01687800911355,4.664452418387837,4.7622280218289905,-0.09777560344115344,5.16628097283398,5.333356489375803,"Jake Arrieta",4153,453562
2019,"Félix Hernández","SEA",7.15814055092611,3.139535329353557,2.28,2.1348840239604185,0.17538462,0.07692308,0.09846154,0.2891156462585034,1.5348839387950721,0.3090909090909091,0.62906725,145.15843892474936,134.08224685419657,112.85212909196733,6.404652071881256,6.004707546244503,0.3999445256367533,5.169251750051711,5.019702340182727,"Felix Hernandez",4772,433587
2017,"R.A. Dickey","ATL",6.442105263157894,3.1736842105263157,2.02985075,1.231578947368421,0.16687117,0.08220859,0.08466258,0.26151761517615174,1.368421052631579,0.2899305555555556,0.73202055,96.22562380954803,110.27264663257435,110.66113131096088,4.2631578947368425,4.72079758895071,-0.4576396942138672,4.786191488410298,4.9040436509280605,"R.A. Dickey",1245,285079
2019,"Rick Porcello","BOS",7.3824081008928495,2.3231354163648827,3.17777778,1.6003821757180303,0.18619792,0.05859375,0.12760417,0.27615062761506276,1.3938812498189295,0.30755064456721914,0.65661479,114.24017335690822,105.23424649892443,112.30404804202168,5.523899767800943,4.762766419951263,0.7611333478496798,5.143947558270729,4.858729371225873,"Rick Porcello",2717,519144
2013,"Roy Halladay","PHI",7.40322671745383,5.225807094673291,1.41666667,1.7419356982244305,0.18085106,0.12765957,0.05319149,0.2330508474576271,1.467742116096511,0.24855491329479767,0.62945368,181.94927580496042,160.36118344476458,135.81801406828058,6.8225814847123525,6.144628950460444,0.6779525342519088,5.104826783525818,4.85511269717122,"Roy Halladay",1303,136880
2019,"Jake Arrieta","PHI",7.297297023715194,3.3832922564497716,2.15686275,1.3931203408910826,0.18518519,0.08585859,0.0993266,0.27798507462686567,1.4742014189323625,0.3160493827160494,0.73761261,104.60480015912638,107.51615470031936,100.53072120731574,4.643734469636942,4.88722808619624,-0.2434936165592978,4.458487821564561,4.819960186818472,"Jake Arrieta",4153,453562
2016,"R.A. Dickey","TOR",6.6836937307597415,3.3418468653798707,2,1.485265273502165,0.17307692,0.08653846,0.08653846,0.2564491654021244,1.3673870771924692,0.27920792079207923,0.70925553,106.12024783635869,118.09746924897229,112.07710012708134,4.455795820506495,5.0267176139826635,-0.5709217934761686,4.756362453961521,4.8050806018754235,"R.A. Dickey",1245,285079
2015,"R.A. Dickey","TOR",5.290824010166197,2.561430671588397,2.06557377,1.0497666686837692,0.14253394,0.06900452,0.07352941,0.24014778325123154,1.1944011874801999,0.25718608169440244,0.73275862,96.25511471022898,110.0180877582816,116.76742844953749,3.9051320075036218,4.48196071555382,-0.5768287080501979,4.714408012373924,4.761166205022765,"R.A. Dickey",1245,285079
2013,"Jake Arrieta","- - -",7.1681408064696175,4.898229551087572,1.46341463,1.0752211209704428,0.18518519,0.12654321,0.05864198,0.21223021582733814,1.3274334826795589,0.23923444976076555,0.69264069,122.48076989646643,124.85712135939569,120.44941780513652,4.778760537646412,4.839889577456638,-0.06112903981022644,4.610631110647051,4.756325698111611,"Jake Arrieta",4153,453562
2017,"Blake Snell","TBR",8.280927183727211,4.105669780167273,2.01694915,1.0438143508899846,0.21755027,0.10786106,0.10968921,0.23155737704918034,1.3298968026153877,0.2768361581920904,0.70860927,95.62119743351238,98.83900571556413,103.73681612197183,4.036082156774607,4.193722086949111,-0.15763993017450417,4.556487444963337,4.717147013047069,"Blake Snell",13543,605483
2019,"Corey Kluber","CLE",9.58878367931563,3.7850461892035385,2.53333333,1.0093456504542768,0.22619048,0.08928571,0.13690476,0.29333333333333333,1.6542053715778426,0.37037037037037035,0.63829787,125.21120548748473,89.59065536946592,106.67028536104719,5.803737490112092,4.055130851086572,1.7486066390255202,4.883844036461234,4.683242635589558,"Corey Kluber",2429,446372
2018,"Félix Hernández","SEA",7.2269805804671154,3.411134833980478,2.11864407,1.5610278053808966,0.18248175,0.08613139,0.09635037,0.25895765472312704,1.4004282369260719,0.2857142857142857,0.63995838,134.9600540965522,123.6651978072296,109.79528372268841,5.5503210857987435,5.177562155567745,0.37275893023099815,4.652165555976005,4.6272911533145615,"Felix Hernandez",4772,433587
2016,"Félix Hernández","SEA",7.160869090146996,3.8152171381930717,1.87692308,1.1152173173179747,0.18625954,0.09923664,0.0870229,0.23793103448275862,1.3239129556464846,0.27107061503416857,0.73497854,95.38083171946614,111.04997833820424,104.69298954964212,3.8152171381930717,4.633516805933651,-0.8182996677405789,4.44564963039708,4.6252096630397,"Felix Hernandez",4772,433587
2016,"Blake Snell","TBR",9.910112359550562,5.157303370786517,1.92156863,0.5056179775280899,0.24438903,0.12718204,0.11720698,0.26571428571428574,1.6179775280898876,0.35627530364372473,0.72992701,86.4413905718647,82.24682008566833,102.3659154619148,3.539325842696629,3.393751394078973,0.14557444861765623,4.347729677430699,4.5308052002412795,"Blake Snell",13543,605483
2011,"Jake Arrieta","BAL",7.013966779398435,4.449720860048469,1.57627119,1.5837989501867433,0.17782027,0.11281071,0.06500956,0.25,1.458100620806843,0.27167630057803466,0.72678331,120.25801451420669,126.57631346361222,111.68939990404844,5.05307284107199,5.338235546372026,-0.28516270530003585,4.524347440213141,4.524503548912898,"Jake Arrieta",4153,453562
2019,"Dallas Keuchel","ATL",7.269230441066113,3.1153844747426196,2.33333333,1.2781064511764593,0.18685832,0.08008214,0.10677618,0.2619589977220957,1.366863843619269,0.29819277108433734,0.80369844,83.70711546321728,107.63899551997665,91.45464631458627,3.7544377003308496,4.722885147235773,-0.9684474469049231,4.059661456089594,4.394832476715553,"Dallas Keuchel",9434,572971
2010,"Rick Porcello","DET",4.647542146161726,2.102459542311257,2.21052632,0.9959018884632269,0.12,0.05428571,0.06571429,0.2870229007633588,1.3893446098314153,0.3074141048824593,0.65928778,116.85461851792446,102.84809115614738,101.67385273378986,4.924181559623733,4.313498473097016,0.6106830865267172,4.241361365789369,4.350162735168569,"Rick Porcello",2717,519144
2018,"Jake Arrieta","PHI",7.193050616823329,2.971042646079201,2.42105263,1.0945946590818108,0.19060773,0.07872928,0.11187845,0.25,1.2857143614611746,0.2874251497005988,0.68136273,98.47867823698103,101.64820110716477,100.35324404809,3.961390194772268,4.255026234856957,-0.29363604008468913,4.080049889162996,4.290269722510514,"Jake Arrieta",4153,453562
2017,"Rick Porcello","BOS",8.011476211445414,2.124590376515911,3.77083333,1.6819673814084295,0.20451977,0.05423729,0.15028249,0.28399518652226236,1.3967214512280526,0.3235294117647059,0.69679054,101.5910006119464,106.01589361668711,100.87083943731396,4.647541448628555,4.603541478231641,0.04399997039691428,4.43107601081727,4.277166723105987,"Rick Porcello",2717,519144
2017,"Félix Hernández","SEA",8.100000950740046,2.7000003169133486,3,1.7653848225971893,0.21195652,0.07065217,0.14130435,0.25595238095238093,1.2923078439927138,0.2863070539419087,0.76433121,103.70793482848627,116.39892321952887,91.59571131927731,4.361538973475409,5.015332219953393,-0.6537932464779841,4.025208396681267,4.190350244444459,"Felix Hernandez",4772,433587
2014,"Justin Verlander","DET",6.94660142720036,2.839805614893229,2.44615385,0.7864077087396634,0.17805151,0.07278835,0.10526316,0.2709599027946537,1.3980581488705126,0.3173374613003096,0.66840926,117.87121125665546,97.92317042414764,110.52797752998451,4.543688983829166,3.7439026087862453,0.7997863750429208,4.191926547602358,4.169930115751917,"Justin Verlander",8700,434378
2018,"Dallas Keuchel","HOU",6.728012862115099,2.550488535965201,2.63793103,0.7915309249547176,0.17505721,0.06636156,0.10869565,0.2592137592137592,1.3143322148939447,0.3001555209953344,0.72823434,91.1682121697115,89.13391783226594,90.68083276560652,3.7377849233972773,3.688118859078292,0.04966606431898546,3.8359612773863034,4.150114371917832,"Dallas Keuchel",9434,572971
2017,"Jake Arrieta","CHC",8.714850958502684,2.9405938817033594,2.96363636,1.2297028959850411,0.23055163,0.07779349,0.15275813,0.2336448598130841,1.2178217085842196,0.27850877192982454,0.72757112,81.62070293583766,96.02385330366575,95.13877366886432,3.5287126580440313,4.155659435882887,-0.6269467778388558,4.11243706046281,4.145481303238347,"Jake Arrieta",4153,453562
2011,"Rick Porcello","DET",5.142856711682605,2.2747250840134603,2.26086957,0.890109815483528,0.13265306,0.05867347,0.07397959,0.2876712328767123,1.406593288665328,0.3157894736842105,0.67420436,113.74879163582324,99.8177386744394,99.38602765296194,4.747252349245482,4.0583532321454605,0.6888991171000214,4.021993747294109,4.127204516650027,"Rick Porcello",2717,519144
2013,"R.A. Dickey","TOR",7.0905047720846195,2.844213778632813,2.49295775,1.4020772148189924,0.18769883,0.07529162,0.11240721,0.24013921113689096,1.2373887800624759,0.26461538461538464,0.73221757,103.59893993566894,113.66431426391495,106.66947689081829,4.206231644456977,4.579011715197117,-0.37278007074013964,4.232090279736645,4.102364870200151,"R.A. Dickey",1245,285079
2014,"R.A. Dickey","TOR",7.219474838208481,3.088099063742356,2.33783784,1.0850077791527197,0.1892779,0.0809628,0.1083151,0.23123486682808717,1.2287481259635502,0.2631578947368421,0.73371805,95.65352959374309,112.51116460810448,109.13983011321675,3.7140650901766175,4.319269226189995,-0.6052041360133775,4.138906899505201,4.084432385162209,"R.A. Dickey",1245,285079
2012,"Rick Porcello","DET",5.46124732199614,2.2457465623161696,2.43181818,0.8166351135695163,0.1366539,0.05619413,0.08045977,0.3083219645293315,1.5311908379428432,0.3442622950819672,0.69006309,110.16706266865334,93.69683632157113,93.96714824330768,4.593572513828529,3.9110872086012543,0.6824853052272748,3.8888954053664277,4.073870242127332,"Rick Porcello",2717,519144
2017,"Justin Verlander","- - -",9.567961165048544,3.145631067961165,3.04166667,1.1796116504854368,0.25795053,0.08480565,0.17314488,0.21992238033635186,1.174757281553398,0.2713472485768501,0.79731028,76.20442102766273,86.5749668746625,94.84614099047,3.3640776699029127,3.842105713631343,-0.47802804372843033,4.167442996438267,4.049665665386521,"Justin Verlander",8700,434378
2017,"David Price","BOS",9.160713895699216,2.8928570196944894,3.16666667,0.9642856732314964,0.23974763,0.07570978,0.16403786,0.22491349480968859,1.1919642349667108,0.2780487804878049,0.77017115,73.7744065884361,83.7385500439091,95.60011337539831,3.3749998563102372,3.6397825308296157,-0.2647826745193784,4.200435853151502,4.046160049039552,"David Price",3184,456034
2011,"Corey Kluber","CLE",10.384623002729418,6.230773801637651,1.66666667,0,0.2,0.12,0.08,0.3,2.0769246005458837,0.4,0.63636364,211.27551183434846,104.97360280293498,131.63790525093233,8.307698402183535,4.179233286085129,4.128465116098406,5.338856269557647,4.03200644421606,"Corey Kluber",2429,446372
2011,"R.A. Dickey","NYM",5.779552574777997,2.329073425656805,2.48148148,0.7763578085522683,0.15296804,0.06164384,0.0913242,0.24846248462484624,1.2268370307986463,0.2783661119515885,0.75062552,88.68488496110542,99.72060731998843,102.67337182560277,3.277955191665133,3.7681977692732285,-0.4902425776080954,3.9532193448620423,4.005843682902562,"R.A. Dickey",1245,285079
2015,"Justin Verlander","DET",7.627499418067977,2.159999835205091,3.53125,0.8774999330520681,0.21121495,0.05981308,0.15140187,0.226,1.0874999170303408,0.26737967914438504,0.70878274,82.61816219165567,84.91831614523608,102.74716627792453,3.374999742507954,3.493593722534182,-0.1185939800262279,4.151848295316648,3.952220437138792,"Justin Verlander",8700,434378
2016,"Jake Arrieta","CHC",8.665540763894693,3.4662163055578774,2.5,0.7297297485385005,0.23899371,0.09559748,0.14339623,0.1935483870967742,1.0844594874113826,0.2406311637080868,0.74898785,74.56793849242496,85.31619627156066,89.24026155505447,3.1013514312886272,3.5215603925086363,-0.42020896122000906,3.6829447254653713,3.944488120234935,"Jake Arrieta",4153,453562
2012,"Corey Kluber","CLE",7.714285714285714,2.5714285714285716,3,1.2857142857142858,0.19217082,0.06405694,0.12811388,0.29343629343629346,1.492063492063492,0.34183673469387754,0.6323185,129.24715510160684,103.77495401814183,96.42271683472609,5.142857142857143,4.284928285507929,0.8579288573492141,3.9892583784839464,3.9399773942682854,"Corey Kluber",2429,446372
2010,"R.A. Dickey","NYM",5.369025013240574,2.168260101501001,2.47619048,0.6711281266550717,0.14586255,0.05890603,0.08695652,0.24737631184407796,1.1873805317743578,0.27636363636363637,0.77282158,72.89840640565158,93.04362812279625,93.82285306692597,2.8393882281560727,3.6457200719312635,-0.8063318437751907,3.748108623310798,3.894953440611684,"R.A. Dickey",1245,285079
2014,"Rick Porcello","DET",5.672637872589025,1.80293141686938,3.14634146,0.7915308659426546,0.15357143,0.04880952,0.10476191,0.26540880503144654,1.231270235910796,0.2978395061728395,0.72357019,88.97932415859894,96.12470405513761,97.08983014103656,3.429967085751503,3.6745973916161034,-0.24463030586460022,3.6786627277562585,3.8848926998858238,"Rick Porcello",2717,519144
2019,"David Price","BOS",10.73291976326509,2.6832299408162723,4,1.2577640347576275,0.27947598,0.069869,0.20960699,0.2576832151300236,1.3136646585246332,0.3357142857142857,0.70731707,88.4404926235639,80.28650091577059,81.77815211787018,4.276397718175934,3.623947383332716,0.652450334843218,3.7346065040095326,3.8531621512918264,"David Price",3184,456034
2010,"David Price","TBR",8.108626000434802,3.4073481597571775,2.37974684,0.6469648404602236,0.21835075,0.09175377,0.12659698,0.2187902187902188,1.1932907057377458,0.2700348432055749,0.78540773,68.8736429292631,83.96430305951938,91.72918688100559,2.717252329932939,3.418098009060611,-0.700845679127672,3.8296885363759894,3.8269670287464055,"David Price",3184,456034
2018,"David Price","BOS",9.051136363636363,2.5568181818181817,3.54,1.2784090909090908,0.24515235,0.06925208,0.17590028,0.2280966767371601,1.1420454545454546,0.27391304347826084,0.77272727,80.28244011421958,95.83397784201902,93.24385432364532,3.5795454545454546,4.0183861212296925,-0.43884066668423793,3.9454046072777023,3.8194826295494284,"David Price",3184,456034
2016,"Rick Porcello","BOS",7.62780269058296,1.2914798206278026,5.90625,0.9282511210762332,0.21235955,0.03595506,0.17640449,0.22840236686390533,1.0089686098654709,0.2685624012638231,0.74344023,71.44338337461114,80.85007380525605,91.58926087709699,3.1479820627802693,3.3976814590762014,-0.24969939629593219,3.894263448896964,3.7794842586727935,"Rick Porcello",2717,519144
2016,"Dallas Keuchel","HOU",7.71428641494446,2.5714288049814864,3,1.071428668742286,0.20542083,0.06847361,0.13694722,0.25806451612903225,1.2857144024907432,0.30390143737166325,0.68421053,112.78645117922947,92.38804418996472,83.04362371684826,4.5535718421547156,3.8727509249905667,0.6808209171641488,3.5346752461781827,3.7698863885936564,"Dallas Keuchel",9434,572971
2018,"Rick Porcello","BOS",8.937281754801056,2.2578396012128983,3.95833333,1.2700347756822552,0.23514851,0.05940594,0.17574257,0.23790322580645162,1.1759581256317178,0.2846299810246679,0.70866142,96.00324732511099,95.69125865067797,91.47215697289106,4.280487577299453,4.012347906788346,0.26813967051110676,3.8697515340453843,3.7670558225677544,"Rick Porcello",2717,519144
2019,"Clayton Kershaw","LAD",9.538318029052679,2.069158937519364,4.6097561,1.4130841524522486,0.26770538,0.05807365,0.20963173,0.2187028657616893,1.0429906839528502,0.2623318385650224,0.84005376,71.16710471855292,86.80512410160226,78.76547108645059,3.0280374695405325,3.8588693071842326,-0.8308318376437,3.502066053128965,3.7650376995334502,"Clayton Kershaw",2036,477132
2015,"Rick Porcello","BOS",7.796512319565912,1.9883722694194943,3.92105263,1.3081396509338779,0.20217096,0.05156038,0.15061058,0.2844702467343977,1.3604652369712331,0.3320388349514563,0.67464115,118.28295149645885,104.10579632275049,92.04679718177458,4.918605087511381,4.1277798847097475,0.7908252028016332,3.722498505886425,3.728032953794121,"Rick Porcello",2717,519144
2012,"Roy Halladay","PHI",7.5991473687714,2.0724947369376547,3.66666667,1.0362473684688274,0.20433437,0.05572755,0.14860681,0.256198347107438,1.221748440602136,0.3010989010989011,0.69086651,113.83751489953346,92.63873156947236,92.22310797945585,4.490405263364918,3.6893348435971762,0.8010704197677421,3.601302448404838,3.695278514370199,"Roy Halladay",1303,136880
2012,"Jake Arrieta","BAL",8.555231467123233,2.7470926729294782,3.11428571,1.2558137933391902,0.21975806,0.07056452,0.14919355,0.2675438596491228,1.3691858719045336,0.3202416918429003,0.5730659,148.56198093934194,94.57814729303794,88.08046033748361,6.200580604612251,4.053754298276953,2.1468263063352984,3.6482971577311734,3.6637754437095498,"Jake Arrieta",4153,453562
2010,"Max Scherzer","DET",8.463372863473898,3.2197614154520267,2.62857143,0.9199318329862933,0.23,0.0875,0.1425,0.24066390041493776,1.2470187069369754,0.29672447013487474,0.74887892,82.95662375503991,88.26468317239478,88.16468664951032,3.495740965347915,3.7064625121740162,-0.21072154682610122,3.6821312511471977,3.6623044346607645,"Max Scherzer",3137,453286
2016,"Jacob deGrom","NYM",8.695945049394654,2.1891889634839687,3.97222222,0.9121620681183203,0.23675497,0.05960265,0.17715232,0.2513274336283186,1.2027025787041556,0.31203931203931207,0.8,77.70443157035751,81.97896419910727,84.08090296219702,3.0405402270610677,3.3222360404065463,-0.28169581334547855,3.467696140903575,3.661984004747676,"Jacob deGrom",10954,594798
2013,"Dallas Keuchel","HOU",7.203903959203628,3.045552893321859,2.36538462,1.1713664974314844,0.18035191,0.07624633,0.10410557,0.2944,1.535791629965724,0.34024896265560167,0.68075117,128.5867897162988,105.705933782914,90.39385091593816,5.154012588698531,4.251758831532704,0.9022537571658269,3.582177327907307,3.6330065217946363,"Dallas Keuchel",9434,572971
2011,"Max Scherzer","DET",8.030768602359979,2.584615182368729,3.10714286,1.3384614337266632,0.20888355,0.06722689,0.14165666,0.2688311688311688,1.3487178431805074,0.31393298059964725,0.73670445,106.16553945349267,101.88954117502608,91.4554403922646,4.430768884060678,4.143334916250874,0.2874339678098039,3.698183354816055,3.622804904748189,"Max Scherzer",3137,453286
2017,"Dallas Keuchel","HOU",7.723111049470733,2.903889754600996,2.65957447,0.926773325936488,0.2140411,0.08047945,0.13356164,0.21682242990654205,1.118992978723315,0.25569620253164554,0.79861111,68.67031228392328,87.3604015954926,75.42413846237666,2.903889754600996,3.789218553370585,-0.885328798769589,3.317561277554878,3.61143560152287,"Dallas Keuchel",9434,572971
2013,"Justin Verlander","DET",8.945037751174215,3.09160290939201,2.89333333,0.7832060703793092,0.23459459,0.08108108,0.15351351,0.25059101654846333,1.3145037555488992,0.3163934426229508,0.74508321,85.62000062041812,82.38066768697216,92.49454737030302,3.4625952585190514,3.2768619987571603,0.18573325976189103,3.666061648895074,3.6106797261775005,"Justin Verlander",8700,434378
2016,"David Price","BOS",8.921739130434782,1.9565217391304348,4.56,1.173913043478261,0.23974763,0.05257624,0.1871714,0.2539149888143177,1.2043478260869565,0.30974842767295596,0.73553719,90.58256400439826,85.79641338429916,82.57833961486189,3.991304347826087,3.6030821219734523,0.38822222585263466,3.5150967559088833,3.596240472344003,"David Price",3184,456034
2019,"Blake Snell","TBR",12.36448686293036,3.36448622120554,3.675,1.177570177421939,0.33333333,0.09070295,0.24263039,0.24,1.2710281280109819,0.34309623430962344,0.71550256,97.96939746889066,76.09969162248754,72.53004051127108,4.289719932037063,3.316813221355955,0.9729067106811082,3.3076331763812505,3.562520710278757,"Blake Snell",13543,605483
2010,"Clayton Kershaw","LAD",9.337683756087678,3.5676999256750093,2.61728395,0.5725938152317915,0.25,0.09551887,0.15448113,0.21052631578947367,1.1794453800928357,0.27476635514018694,0.76153177,75.87833230391551,79.75722250305294,91.12626389031945,2.9070147542537113,3.1218881043948024,-0.2148733501410911,3.639566868862209,3.5415887465639515,"Clayton Kershaw",2036,477132
2016,"Corey Kluber","CLE",9.502325581395349,2.386046511627907,3.98245614,0.9209302325581395,0.26395349,0.06627907,0.19767442,0.2135678391959799,1.0558139534883721,0.27056672760511885,0.7480315,71.69638294436955,75.9681328683684,82.2336501560763,3.13953488372093,3.258188289819762,-0.11865340609883201,3.500592715934266,3.501632832972706,"Corey Kluber",2429,446372
2010,"Justin Verlander","DET",8.78603288865412,2.848439886275993,3.08450704,0.5616642029276606,0.23675676,0.07675676,0.16,0.2240566037735849,1.1634472774930114,0.2861788617886179,0.71948262,79.97234306685604,70.48547738338009,84.1532965316207,3.3699852175659637,2.9664011161953545,0.4035841013706092,3.5160743575161115,3.4557413048318697,"Justin Verlander",8700,434378
2018,"Clayton Kershaw","LAD",8.646693669677378,1.6177684930364125,5.34482759,0.9483470476420349,0.23846154,0.04461538,0.19384615,0.2245557350565428,1.041322248391254,0.27293064876957496,0.78659371,71.05400060299952,79.20365737021281,78.19726971262551,2.7334709020270416,3.185224962641605,-0.45175406061456336,3.187186263021556,3.448157213191022,"Clayton Kershaw",2036,477132
2017,"Jacob deGrom","NYM",10.683774294630933,2.63741708528546,4.05084746,1.2516555658981845,0.28899637,0.0713422,0.21765417,0.2349869451697128,1.1870860327367703,0.3046092184368738,0.76313181,86.38911823354346,82.60532171748721,74.80222440821407,3.5314567752127353,3.5003549086859898,0.031101866526745514,3.229720631073501,3.4445258999878146,"Jacob deGrom",10954,594798
2016,"Justin Verlander","DET",10.040995383289268,2.2532942395570403,4.45614035,1.1859443366089686,0.28128461,0.06312292,0.21816168,0.20405727923627684,1.0014641064697958,0.2545126353790614,0.79896907,72.12781359336331,80.86273190050723,88.96012133278806,3.0439237972963524,3.4847741380981683,-0.44085034080181584,3.7836330130726323,3.4177007426217885,"Justin Verlander",8700,434378
2015,"Félix Hernández","SEA",8.523966082212228,2.588429490933556,3.29310345,1.0264461774391689,0.23123487,0.07021792,0.16101695,0.23715415019762845,1.1801651701957594,0.28807339449541286,0.77746741,91.27364258919289,93.50977718234897,82.35660579768603,3.5256194790301887,3.7187176579121832,-0.19309817888199454,3.3336818591976733,3.3812323591155664,"Felix Hernandez",4772,433587
2013,"David Price","TBR",7.280357539605143,1.3017857852274097,5.59259259,0.7714286134680947,0.20405405,0.03648649,0.16756757,0.2507042253521127,1.098214345562218,0.2983425414364641,0.70043103,86.36195571112425,78.0899943630496,82.47828731287579,3.326785895581158,3.0264258032428977,0.3003600923382601,3.266095641427224,3.3575121905468546,"David Price",3184,456034
2012,"Justin Verlander","DET",9.025175017780757,2.2657343140872195,3.98333333,0.7174825327942862,0.25,0.06276151,0.18723849,0.21548821548821548,1.057342679907369,0.27330173775671407,0.76388889,63.395285983257885,70.2243664684917,79.8433095938919,2.6433566997684226,2.943403140759257,-0.30004644099083455,3.3116317754106923,3.3272566882374326,"Justin Verlander",8700,434378
2013,"Rick Porcello","DET",7.2203389052446125,2.1355931973258713,3.38095238,0.9152542274253734,0.19293478,0.05706522,0.13586957,0.26772793053545585,1.2824858618861714,0.3145009416195857,0.69824219,106.87143989937233,88.64395273099387,80.67279112111888,4.3220338517309305,3.5280803593648926,0.7939534923660378,3.1939991603878823,3.3149669474425103,"Rick Porcello",2717,519144
2012,"Clayton Kershaw","LAD",9.052709042850301,2.490483273797244,3.63492063,0.6325036885834271,0.25416204,0.06992231,0.18423973,0.20408163265306123,1.0234261072217954,0.2619047619047619,0.77922078,66.76615910145792,74.27755887350592,83.31309269321503,2.5300147543337084,2.892402305623144,-0.36238755128943545,3.2492634555421165,3.3116663992710267,"Clayton Kershaw",2036,477132
2018,"Blake Snell","TBR",11.009225712130823,3.1881920614315504,3.453125,0.7970480153578876,0.31571429,0.09142857,0.22428571,0.1763779527559055,0.9741697965485293,0.24120603015075376,0.87968952,46.139552792404494,72.42198923046553,74.74292536452795,1.892989036474983,2.9445644049490522,-1.0515753684740692,3.1553982708037283,3.299520814986216,"Blake Snell",13543,605483
2019,"Jacob deGrom","NYM",11.25,1.9411764705882353,5.79545455,0.8382352941176471,0.31716418,0.05472637,0.26243781,0.20451527224435592,0.9705882352941176,0.2818371607515658,0.81838565,59.25662587551932,61.54418246601696,69.88716205917305,2.426470588235294,2.6747937894334983,-0.2483232011982044,3.1119300347771133,3.2874872504897974,"Jacob deGrom",10954,594798
2012,"Félix Hernández","SEA",8.650862068965518,2.1724137931034484,3.98214286,0.5431034482758621,0.23748669,0.05963791,0.17784878,0.2399540757749713,1.1422413793103448,0.30757097791798105,0.74980575,80.06286957362614,70.63445794180117,77.1894905835201,3.064655172413793,2.835831405376566,0.2288237670372273,3.20316599403219,3.274886814731685,"Felix Hernandez",4772,433587
2015,"David Price","- - -",9.190619847994766,1.9198183682477956,4.78723404,0.6944023885151601,0.25337838,0.05292793,0.20045045,0.22673031026252982,1.075642915543091,0.2902684563758389,0.78630897,60.12612420656042,67.45068291866575,79.99104933295745,2.450831959465271,2.7750461114856364,-0.3242141520203652,3.238764463275139,3.267244442321193,"David Price",3184,456034
2011,"David Price","TBR",8.745913422133587,2.527488741258789,3.46031746,0.8826151159951326,0.23747277,0.06862745,0.16884532,0.22695035460992907,1.1367012857513072,0.28052805280528054,0.73327616,89.90310727066097,83.89870942222082,82.09260114881069,3.4903415950716608,3.319591324446905,0.1707502706247559,3.3158932985478677,3.258452875481306,"David Price",3184,456034
2013,"Corey Kluber","CLE",8.307691734093593,2.015836964890357,4.12121212,0.9162895294956169,0.22368421,0.05427632,0.1694079,0.26842105263157895,1.2624433517495166,0.32935560859188545,0.72941176,96.85198618049108,83.35065484368612,78.25450095934494,3.848416023881591,3.298985580219514,0.5494304436620774,3.097432791767462,3.248137727245833,"Corey Kluber",2429,446372
2012,"R.A. Dickey","NYM",8.85877356683069,2.079885967864597,4.25925926,0.9243937634953765,0.24811219,0.05825243,0.18985976,0.2222222222222222,1.0527817862030677,0.2754098360655738,0.79945799,72.67000024457744,83.55509819762871,83.75663331189867,2.734664883673822,3.2699157260655833,-0.5352508423917612,3.266787958887944,3.2475098161753695,"R.A. Dickey",1245,285079
2018,"Corey Kluber","CLE",9.293023255813953,1.4232558139534883,6.52941176,1.0465116279069768,0.26365796,0.04038005,0.22327791,0.22236024844720498,0.9906976744186047,0.27598566308243727,0.77900552,65.73588573898719,74.01426877199239,72.95010270980572,2.8883720930232557,3.1232222734495654,-0.23485018042630967,3.0788431280574136,3.2326057808330098,"Corey Kluber",2429,446372
2012,"David Price","TBR",8.744076461725205,2.5165878597160347,3.47457627,0.6824645043297721,0.24521531,0.07057416,0.17464115,0.22409326424870465,1.0995261458646328,0.2849364791288566,0.81081081,65.98167253209544,74.79997974478835,75.12957332628922,2.5592418912366455,3.0470587266755045,-0.487816835438859,3.118973916875691,3.2325719886434516,"David Price",3184,456034
2011,"Félix Hernández","SEA",8.550641753962283,2.5805990879075362,3.31343284,0.7318116816454207,0.23029046,0.06950207,0.16078838,0.2449438202247191,1.2196861360757012,0.3066255778120185,0.72720422,90.65124970807021,80.36562101896652,78.0436142119396,3.4664763867414665,3.1323762977183254,0.33410008902314114,3.1505708569596695,3.2110379229200023,"Felix Hernandez",4772,433587
2014,"Jacob deGrom","NYM",9.235154729019662,2.757719814915594,3.34883721,0.448931132660678,0.25486726,0.07610619,0.17876106,0.22456813819577734,1.14014255913823,0.2972972972972973,0.77380952,77.19793265226322,71.82265285312418,82.01133316805003,2.6935867959640682,2.66906925400549,0.02451754195857836,3.033452982844113,3.1916761246276173,"Jacob deGrom",10954,594798
2010,"Félix Hernández","SEA",8.36315069744786,2.5233644345747854,3.31428571,0.6128170769681622,0.23176823,0.06993007,0.16183816,0.21018418201516792,1.0574098582980054,0.2626112759643917,0.7735697,58.577584918020584,75.28903832738843,75.06379211597816,2.271027991117307,3.0417943629489805,-0.7707663718316735,3.1398020869193735,3.182342682897116,"Felix Hernandez",4772,433587
2014,"Dallas Keuchel","HOU",6.5699994987488175,2.159999835205091,3.04166667,0.49499996223449994,0.18069307,0.05940594,0.12128713,0.24833997343957503,1.1749999103546211,0.2953020134228188,0.75463372,78.30900458944117,85.32843566489329,84.60337309268284,2.924999776840227,3.2122521625518807,-0.2872523857116538,3.2017482799914467,3.1060370595902493,"Dallas Keuchel",9434,572971
2012,"Max Scherzer","DET",11.078153353602861,2.8774424295072363,3.85,1.103019597977774,0.2935197,0.07623888,0.21728081,0.24792243767313019,1.2735347049115362,0.3333333333333333,0.76487252,89.71213436894023,78.02433236989347,77.81266750306108,3.7406751583594073,3.2649672019655003,0.47570795639390706,3.2286362206191903,3.0650668704899426,"Max Scherzer",3137,453286
2016,"Max Scherzer","WSN",11.194160833298305,2.2072993192419195,5.07142857,1.2218978374374911,0.31485588,0.06208426,0.25277162,0.19642857142857142,0.9678832332390161,0.25523809523809526,0.81699346,69.63221459641677,78.46679801472214,81.74312928908958,2.956204445413285,3.238531187811431,-0.2823267423981459,3.3701641579825137,3.045684664173281,"Max Scherzer",3137,453286
2017,"Clayton Kershaw","LAD",10.388572334383051,1.5428572773836213,6.73333333,1.1828572459941098,0.29749632,0.04418262,0.2533137,0.20955315870570107,0.9485715112803006,0.2665094339622642,0.87443946,55.8270296240463,72.46759347526603,65.7596067513053,2.3142859160754323,3.0719254010258883,-0.757639484950456,2.837222028280353,3.0366064576813687,"Clayton Kershaw",2036,477132
2015,"Jacob deGrom","NYM",9.659686635576548,1.790576059277604,5.39473684,0.7539267618010965,0.27296937,0.0505992,0.22237017,0.20956399437412096,0.979057669838924,0.2714285714285714,0.78031212,68.42916089968418,70.22314673493484,75.42771785360357,2.5445028210787006,2.704274343974376,-0.1597715228956753,2.920970240155247,2.9933507799260135,"Jacob deGrom",10954,594798
2013,"Clayton Kershaw","LAD",8.847457627118644,1.9830508474576272,4.46153846,0.4194915254237288,0.25550661,0.05726872,0.19823789,0.19226260257913247,0.9152542372881356,0.25081967213114753,0.80550098,51.14735383105617,63.623886628189176,76.17175280682625,1.8305084745762712,2.386837426686691,-0.55632895211042,2.874985650011291,2.988543610155045,"Clayton Kershaw",2036,477132
2015,"Corey Kluber","CLE",9.93243174974378,1.824324198932531,5.44444444,0.8918918305892374,0.2765237,0.05079007,0.22573364,0.22771084337349398,1.0540539816054624,0.2966252220248668,0.71428571,84.92509956046956,73.15411337278394,75.18231871656307,3.4864862468488367,2.9714315989837754,0.5150546478650613,3.0458152800251472,2.982509305161178,"Corey Kluber",2429,446372
2011,"Justin Verlander","DET",8.964142881346751,2.0438245769470593,4.38596491,0.8605577166092881,0.25799794,0.05882353,0.19917441,0.19141914191419143,0.9203186691515999,0.23622047244094488,0.80339321,57.563612100570296,73.85759129039756,77.340404491025,2.4023902922009293,2.9935137777592944,-0.5911234855583651,3.1218584037404464,2.981457560179804,"Justin Verlander",8700,434378
2014,"Max Scherzer","DET",10.293494229754138,2.5733735574385346,4,0.7352495878395814,0.27876106,0.06969027,0.2090708,0.2347305389221557,1.1754916250027874,0.31504424778761064,0.77147623,81.59286069137106,74.63099976439635,82.59300361283161,3.1452343479804314,2.8463217733844473,0.2989125745959842,3.124963148182349,2.9777511936427192,"Max Scherzer",3137,453286
2017,"Max Scherzer","WSN",12.019933250150123,2.4667773461128983,4.87272727,0.9867109384451593,0.34358974,0.07051282,0.27307692,0.17647058823529413,0.9019933326190598,0.24528301886792453,0.80645161,56.67089653943221,65.8527512182182,75.99765705737502,2.511627843314951,2.898503488157563,-0.38687564484261205,3.281608885374565,2.976355347097688,"Max Scherzer",3137,453286
2019,"Justin Verlander","HOU",12.107624146850595,1.6950673805590835,7.14285714,1.4529148976220716,0.35419126,0.04958678,0.30460449,0.17146433041301626,0.8026906378837988,0.21814254859611232,0.88410104,57.24857662426918,72.1711994547438,69.6835135859621,2.582959817994794,3.2678211385829,-0.684861320588106,3.1762127172449865,2.9516052608763834,"Justin Verlander",8700,434378
2019,"Max Scherzer","WSN",12.69052261826307,1.7234043061838737,7.36363636,0.9400387124639312,0.35064935,0.04761905,0.3030303,0.22052067381316998,1.0270793339883693,0.32142857142857145,0.78715365,65.6414375267081,54.14939556951813,64.594333818184,2.924564883221119,2.4480520062929525,0.4765128769281666,2.8793493789995908,2.9313831877187257,"Max Scherzer",3137,453286
2013,"Max Scherzer","DET",10.077760736818702,2.351477505257697,4.28571429,0.7558320552614026,0.28708134,0.06698565,0.22009569,0.1958762886597938,0.970451033915875,0.25868725868725867,0.74411135,71.64326816557164,68.9938942880944,79.79118904337038,2.8973562118353766,2.7399227977697733,0.1574334140656033,3.1587953157202344,2.909396820237892,"Max Scherzer",3137,453286
2010,"Roy Halladay","PHI",7.863031755345289,1.0771276377185326,7.3,0.8617021101748261,0.22054381,0.03021148,0.19033233,0.2413793103448276,1.041223383127915,0.28991596638655465,0.8269066,60.597587411760735,75.2237214773872,70.24543859095215,2.4414893121620076,3.0060339171188133,-0.5645446049568057,2.799082366443503,2.883465258808585,"Roy Halladay",1303,136880
2015,"Dallas Keuchel","HOU",8.379309793714997,1.9784481457382632,4.23529412,0.6594827152460877,0.23710209,0.05598244,0.18111965,0.21561771561771562,1.01724131240573,0.2688,0.79365079,64.00249200177085,72.15060267517428,67.85859605008834,2.4827584573970363,2.909455833707212,-0.4266973763101758,2.751952633191061,2.8390805172046254,"Dallas Keuchel",9434,572971
2014,"Jake Arrieta","CHC",9.593616709814949,2.3553190724695385,4.07317073,0.2872340332279925,0.27198697,0.06677524,0.20521173,0.2,0.9893616700075297,0.27386934673366836,0.74172185,69.3857062843797,60.714809473967364,73.6299977354956,2.527659492406334,2.257784111939063,0.2698753804672709,2.7264690358436465,2.829452894783309,"Jake Arrieta",4153,453562
2011,"Clayton Kershaw","LAD",9.565713868682257,2.0828570520517817,4.59259259,0.5785714033477172,0.27192982,0.05921053,0.2127193,0.20350877192982456,0.9771428145428112,0.2685810810810811,0.78571429,62.42417652710416,64.61904852089333,73.63180835023253,2.2757141865010206,2.4682434529285033,-0.1925292664274827,2.843920128827493,2.800881851599461,"Clayton Kershaw",2036,477132
2018,"Jacob deGrom","NYM",11.15668202764977,1.9078341013824884,5.84782609,0.4147465437788018,0.32215569,0.05508982,0.26706587,0.19387755102040816,0.9124423963133641,0.2811881188118812,0.82010582,44.61531210293354,49.2756315568296,63.7262528780322,1.7004608294930876,1.9853163684018753,-0.2848555389087877,2.6040187448949865,2.783694352050858,"Jacob deGrom",10954,594798
2011,"Roy Halladay","PHI",8.47360894536803,1.348074150399459,6.28571429,0.38516404297127405,0.2357985,0.0375134,0.1982851,0.232662192393736,1.03994291602244,0.29819277108433734,0.78111588,61.08920839897636,56.02469448517191,70.06237491380001,2.349500662124772,2.1994233936323506,0.1500772684924212,2.7075786499646144,2.7774064567880163,"Roy Halladay",1303,136880
2013,"Félix Hernández","SEA",9.513865758009556,2.026101041057591,4.69565217,0.660685122083997,0.26277372,0.05596107,0.20681265,0.23932729624838292,1.1305056533437283,0.31365313653136534,0.75117371,79.06009092865143,67.10006851229276,67.19880657219304,3.039151561586386,2.607397627783236,0.4317539338031504,2.6559604339751,2.772066358117496,"Felix Hernandez",4772,433587
2015,"Jake Arrieta","CHC",9.27510855228417,1.8864627563967804,4.91666667,0.39301307424932924,0.27126437,0.05517241,0.21609195,0.18382352941176472,0.8646287633485243,0.24561403508771928,0.8,45.02821614215486,60.56101946096921,67.5064228660908,1.7685588341219818,2.347567601501342,-0.57900876737936,2.6111568906600913,2.745919551774185,"Jake Arrieta",4153,453562
2014,"David Price","- - -",9.821476409487358,1.3771811939502567,7.13157895,0.9060402591778005,0.26858276,0.03766105,0.23092171,0.23809523809523808,1.079194619820669,0.30597014925373134,0.72689076,86.78357719435787,74.70513856134542,72.99079296256934,3.261744933040082,2.777889756176967,0.48385517686311497,2.758211156656058,2.718299598109756,"David Price",3184,456034
2018,"Max Scherzer","WSN",12.23565011087977,2.080060518849561,5.88235294,0.9380665085007824,0.34642032,0.05889145,0.28752887,0.18679950186799502,0.9108761749210496,0.26458333333333334,0.8130531,61.711575097286406,63.961433349831495,75.14725456792857,2.5287010229151528,2.6528786822868007,-0.12417765937164793,3.0642737004482465,2.709519529087267,"Max Scherzer",3137,453286
2017,"Corey Kluber","CLE",11.7103115505243,1.5908347766749993,7.36111111,0.9279869530604162,0.34105534,0.04633205,0.2947233,0.19157608695652173,0.8690671465168978,0.26666666666666666,0.82568807,49.43390574283145,56.58196148406828,57.23815728342764,2.2536826002895824,2.4997018544779106,-0.24601925418832815,2.521766254791925,2.6819544199347165,"Corey Kluber",2429,446372
2018,"Justin Verlander","HOU",12.196260812616023,1.556074655402734,7.83783784,1.1775700094939607,0.34813926,0.04441777,0.30372149,0.19796954314720813,0.9018690945727558,0.2723404255319149,0.85290482,61.54731134907669,67.44602971675288,71.8906303925234,2.5233643060584874,2.7819269298663736,-0.2585626238078862,3.0336027054915338,2.62990039120825,"Justin Verlander",8700,434378
2015,"Max Scherzer","WSN",10.862972794426762,1.338192300762717,8.11764706,1.0626821211939224,0.30700779,0.0378198,0.26918799,0.20465116279069767,0.9183672652293156,0.26750448833034113,0.79571106,70.92213964108419,72.32050378446888,74.46528196948503,2.794460392769203,2.766246843908274,0.02821354886092875,2.8833279751716616,2.6257813440188587,"Max Scherzer",3137,453286
2014,"Corey Kluber","CLE",10.272984884733548,1.9476662792617507,5.2745098,0.5346534884247943,0.28286015,0.05362776,0.22923239,0.23154362416107382,1.0947666667745788,0.3158756137479542,0.78559738,63.031701564662235,61.909623384567325,67.96312656614018,2.44413023279906,2.3472450626348644,0.09688517016419551,2.5661817656355796,2.6121526364876417,"Corey Kluber",2429,446372
2014,"Félix Hernández","SEA",9.457627118644067,1.7542372881355932,5.39130435,0.6101694915254238,0.27192982,0.0504386,0.22149123,0.19744483159117304,0.9152542372881356,0.25795644891122277,0.77039275,58.08175406614495,68.9552962138368,66.53310940526963,2.135593220338983,2.560218270350311,-0.4246250500113278,2.5115629220412954,2.5001330858069437,"Felix Hernandez",4772,433587
2016,"Clayton Kershaw","LAD",10.389261744966444,0.6644295302013423,15.63636364,0.48322147651006714,0.31617647,0.02022059,0.29595588,0.18267419962335216,0.7248322147651006,0.2535612535612536,0.79959514,42.44137836535625,44.85288330301035,55.720624662856025,1.691275167785235,1.7975670942524138,-0.10629192646717889,2.284504538334456,2.413328446222925,"Clayton Kershaw",2036,477132
2015,"Clayton Kershaw","LAD",11.643266221114407,1.6246417982950336,7.16666667,0.5802292136767977,0.33820225,0.04719101,0.29101124,0.1933570581257414,0.8810888059536558,0.2808349146110057,0.78306878,56.9558903207484,52.634068675910406,54.20449875676716,2.127507116814925,1.9903272993479395,0.13717981746698538,2.0908993229850465,2.234749835329592,"Clayton Kershaw",2036,477132
2014,"Clayton Kershaw","LAD",10.845377595000574,1.4067226169247606,7.70967742,0.4084033403975112,0.31909212,0.04138852,0.2777036,0.1941340782122905,0.8571428131799618,0.2777777777777778,0.81555834,51.06096971155101,49.4023418762891,55.845475570952075,1.769747808389215,1.8112438330486311,-0.04149602465941604,2.0750736999186525,2.0873697980701875,"Clayton Kershaw",2036,477132